keyword,playlist_numbers,related_tags_numbers,related_tags
발라드,17398,30,발라드
발라드,17398,30,감성
발라드,17398,30,잔잔한
발라드,17398,30,이별
발라드,17398,30,댄스
발라드,17398,30,사랑
발라드,17398,30,알앤비
발라드,17398,30,카페
발라드,17398,30,인디
발라드,17398,30,힙합
발라드,17398,30,기분전환
발라드,17398,30,휴식
발라드,17398,30,케이팝
발라드,17398,30,추억
발라드,17398,30,새벽
발라드,17398,30,드라이브
발라드,17398,30,최신가요
발라드,17398,30,오늘신곡모음
발라드,17398,30,겨울
발라드,17398,30,가을
발라드,17398,30,밤
발라드,17398,30,봄
발라드,17398,30,슬픔
발라드,17398,30,힐링
발라드,17398,30,설렘
발라드,17398,30,위로
발라드,17398,30,명곡
발라드,17398,30,비오는날
발라드,17398,30,매장
발라드,17398,30,출퇴근
힙합,13271,30,힙합
힙합,13271,30,랩
힙합,13271,30,알앤비
힙합,13271,30,감성
힙합,13271,30,드라이브
힙합,13271,30,기분전환
힙합,13271,30,신나는
힙합,13271,30,댄스
힙합,13271,30,발라드
힙합,13271,30,케이팝
힙합,13271,30,최신가요
힙합,13271,30,오늘신곡모음
힙합,13271,30,국내힙합
힙합,13271,30,국힙
힙합,13271,30,감성힙합
힙합,13271,30,운동
힙합,13271,30,외힙
힙합,13271,30,카페
힙합,13271,30,HipHop
힙합,13271,30,매장음악
힙합,13271,30,트렌디
힙합,13271,30,스트레스
힙합,13271,30,그루브
힙합,13271,30,외국힙합
힙합,13271,30,클럽
힙합,13271,30,팝
힙합,13271,30,여행
힙합,13271,30,새벽
힙합,13271,30,RnB
힙합,13271,30,휴식
인디,8502,30,인디
인디,8502,30,감성
인디,8502,30,잔잔한
인디,8502,30,발라드
인디,8502,30,카페
인디,8502,30,새벽
인디,8502,30,기분전환
인디,8502,30,휴식
인디,8502,30,봄
인디,8502,30,사랑
인디,8502,30,설렘
인디,8502,30,밤
인디,8502,30,드라이브
인디,8502,30,힐링
인디,8502,30,인디음악
인디,8502,30,출퇴근
인디,8502,30,위로
인디,8502,30,매장
인디,8502,30,이별
인디,8502,30,알앤비
인디,8502,30,가을
인디,8502,30,겨울
인디,8502,30,여름
인디,8502,30,어쿠스틱
인디,8502,30,산책
인디,8502,30,여행
인디,8502,30,밴드
인디,8502,30,분위기
인디,8502,30,신나는
인디,8502,30,매장음악
댄스,7135,30,댄스
댄스,7135,30,신나는
댄스,7135,30,발라드
댄스,7135,30,케이팝
댄스,7135,30,힙합
댄스,7135,30,기분전환
댄스,7135,30,알앤비
댄스,7135,30,최신가요
댄스,7135,30,오늘신곡모음
댄스,7135,30,드라이브
댄스,7135,30,아이돌
댄스,7135,30,운동
댄스,7135,30,여름
댄스,7135,30,kpop
댄스,7135,30,스트레스
댄스,7135,30,추억
댄스,7135,30,걸그룹
댄스,7135,30,여행
댄스,7135,30,팝
댄스,7135,30,클럽
댄스,7135,30,EDM
댄스,7135,30,노동요
댄스,7135,30,명곡
댄스,7135,30,Pop
댄스,7135,30,감성
댄스,7135,30,가요
댄스,7135,30,헬스
댄스,7135,30,내적댄스
댄스,7135,30,파티
댄스,7135,30,청량
카페,14324,30,카페
카페,14324,30,감성
카페,14324,30,기분전환
카페,14324,30,드라이브
카페,14324,30,휴식
카페,14324,30,잔잔한
카페,14324,30,매장음악
카페,14324,30,매장
카페,14324,30,힐링
카페,14324,30,발라드
카페,14324,30,봄
카페,14324,30,인디
카페,14324,30,분위기
카페,14324,30,설렘
카페,14324,30,사랑
카페,14324,30,커피
카페,14324,30,겨울
카페,14324,30,재즈
카페,14324,30,팝
카페,14324,30,가을
카페,14324,30,여행
카페,14324,30,알앤비
카페,14324,30,새벽
카페,14324,30,뉴에이지
카페,14324,30,피아노
카페,14324,30,산책
카페,14324,30,연주곡
카페,14324,30,출퇴근
카페,14324,30,힙합
카페,14324,30,신나는
여름,8093,30,여름
여름,8093,30,드라이브
여름,8093,30,기분전환
여름,8093,30,신나는
여름,8093,30,여행
여름,8093,30,청량
여름,8093,30,감성
여름,8093,30,시원한
여름,8093,30,휴식
여름,8093,30,더위
여름,8093,30,카페
여름,8093,30,힐링
여름,8093,30,바다
여름,8093,30,휴가
여름,8093,30,팝
여름,8093,30,댄스
여름,8093,30,여름밤
여름,8093,30,산책
여름,8093,30,스트레스
여름,8093,30,Pop
여름,8093,30,아이돌
여름,8093,30,잔잔한
여름,8093,30,밤
여름,8093,30,사랑
여름,8093,30,인디
여름,8093,30,청량한
여름,8093,30,매장음악
여름,8093,30,운동
여름,8093,30,kpop
여름,8093,30,케이팝
감성,26301,30,감성
감성,26301,30,잔잔한
감성,26301,30,기분전환
감성,26301,30,휴식
감성,26301,30,새벽
감성,26301,30,카페
감성,26301,30,발라드
감성,26301,30,드라이브
감성,26301,30,인디
감성,26301,30,힐링
감성,26301,30,사랑
감성,26301,30,밤
감성,26301,30,분위기
감성,26301,30,가을
감성,26301,30,이별
감성,26301,30,겨울
감성,26301,30,봄
감성,26301,30,힙합
감성,26301,30,신나는
감성,26301,30,알앤비
감성,26301,30,팝
감성,26301,30,추억
감성,26301,30,설렘
감성,26301,30,여행
감성,26301,30,Pop
감성,26301,30,위로
감성,26301,30,매장음악
감성,26301,30,매장
감성,26301,30,비오는날
감성,26301,30,팝송
노래방,1243,30,노래방
노래방,1243,30,발라드
노래방,1243,30,기분전환
노래방,1243,30,신나는
노래방,1243,30,드라이브
노래방,1243,30,애창곡
노래방,1243,30,추억
노래방,1243,30,감성
노래방,1243,30,댄스
노래방,1243,30,이별
노래방,1243,30,스트레스
노래방,1243,30,사랑
노래방,1243,30,명곡
노래방,1243,30,고음
노래방,1243,30,트로트
노래방,1243,30,여행
노래방,1243,30,히트곡
노래방,1243,30,2000년대
노래방,1243,30,회식
노래방,1243,30,코인노래방
노래방,1243,30,가창력
노래방,1243,30,인기곡
노래방,1243,30,휴식
노래방,1243,30,잔잔한
노래방,1243,30,힐링
노래방,1243,30,남자
노래방,1243,30,분위기
노래방,1243,30,아이돌
노래방,1243,30,가요
노래방,1243,30,노래방추천곡
기분전환,29763,30,기분전환
기분전환,29763,30,드라이브
기분전환,29763,30,신나는
기분전환,29763,30,감성
기분전환,29763,30,휴식
기분전환,29763,30,힐링
기분전환,29763,30,여행
기분전환,29763,30,카페
기분전환,29763,30,스트레스
기분전환,29763,30,사랑
기분전환,29763,30,잔잔한
기분전환,29763,30,팝
기분전환,29763,30,매장음악
기분전환,29763,30,여름
기분전환,29763,30,Pop
기분전환,29763,30,설렘
기분전환,29763,30,산책
기분전환,29763,30,봄
기분전환,29763,30,운동
기분전환,29763,30,힙합
기분전환,29763,30,추억
기분전환,29763,30,트렌디
기분전환,29763,30,발라드
기분전환,29763,30,분위기
기분전환,29763,30,인디
기분전환,29763,30,팝송
기분전환,29763,30,댄스
기분전환,29763,30,새벽
기분전환,29763,30,밤
기분전환,29763,30,알앤비
센치한,1805,30,센치한
센치한,1805,30,감성
센치한,1805,30,잔잔한
센치한,1805,30,기분전환
센치한,1805,30,비오는날
센치한,1805,30,새벽
센치한,1805,30,드라이브
센치한,1805,30,밤
센치한,1805,30,휴식
센치한,1805,30,카페
센치한,1805,30,힐링
센치한,1805,30,분위기
센치한,1805,30,발라드
센치한,1805,30,비
센치한,1805,30,가을
센치한,1805,30,위로
센치한,1805,30,매장
센치한,1805,30,인디
센치한,1805,30,이별
센치한,1805,30,감성적인
센치한,1805,30,알앤비
센치한,1805,30,추억
센치한,1805,30,여름
센치한,1805,30,장마
센치한,1805,30,흐린날
센치한,1805,30,새벽감성
센치한,1805,30,산책
센치한,1805,30,Pop
센치한,1805,30,혼자
센치한,1805,30,겨울
드라이브,20209,30,드라이브
드라이브,20209,30,기분전환
드라이브,20209,30,신나는
드라이브,20209,30,여행
드라이브,20209,30,감성
드라이브,20209,30,카페
드라이브,20209,30,휴식
드라이브,20209,30,여름
드라이브,20209,30,매장음악
드라이브,20209,30,팝
드라이브,20209,30,운동
드라이브,20209,30,스트레스
드라이브,20209,30,Pop
드라이브,20209,30,힙합
드라이브,20209,30,산책
드라이브,20209,30,힐링
드라이브,20209,30,사랑
드라이브,20209,30,잔잔한
드라이브,20209,30,트렌디
드라이브,20209,30,봄
드라이브,20209,30,알앤비
드라이브,20209,30,밤
드라이브,20209,30,발라드
드라이브,20209,30,분위기
드라이브,20209,30,팝송
드라이브,20209,30,새벽
드라이브,20209,30,댄스
드라이브,20209,30,매장
드라이브,20209,30,가을
드라이브,20209,30,설렘
휴식,18556,30,휴식
휴식,18556,30,힐링
휴식,18556,30,기분전환
휴식,18556,30,감성
휴식,18556,30,잔잔한
휴식,18556,30,카페
휴식,18556,30,드라이브
휴식,18556,30,새벽
휴식,18556,30,밤
휴식,18556,30,사랑
휴식,18556,30,여행
휴식,18556,30,발라드
휴식,18556,30,인디
휴식,18556,30,설렘
휴식,18556,30,봄
휴식,18556,30,피아노
휴식,18556,30,가을
휴식,18556,30,신나는
휴식,18556,30,산책
휴식,18556,30,위로
휴식,18556,30,추억
휴식,18556,30,편안한
휴식,18556,30,분위기
휴식,18556,30,뉴에이지
휴식,18556,30,여름
휴식,18556,30,팝
휴식,18556,30,주말
휴식,18556,30,겨울
휴식,18556,30,연주곡
휴식,18556,30,매장
잔잔한,18997,30,잔잔한
잔잔한,18997,30,감성
잔잔한,18997,30,휴식
잔잔한,18997,30,새벽
잔잔한,18997,30,힐링
잔잔한,18997,30,밤
잔잔한,18997,30,기분전환
잔잔한,18997,30,카페
잔잔한,18997,30,발라드
잔잔한,18997,30,인디
잔잔한,18997,30,사랑
잔잔한,18997,30,드라이브
잔잔한,18997,30,위로
잔잔한,18997,30,가을
잔잔한,18997,30,피아노
잔잔한,18997,30,추억
잔잔한,18997,30,분위기
잔잔한,18997,30,이별
잔잔한,18997,30,비오는날
잔잔한,18997,30,뉴에이지
잔잔한,18997,30,겨울
잔잔한,18997,30,팝
잔잔한,18997,30,연주곡
잔잔한,18997,30,봄
잔잔한,18997,30,편안한
잔잔한,18997,30,설렘
잔잔한,18997,30,Pop
잔잔한,18997,30,공부
잔잔한,18997,30,팝송
잔잔한,18997,30,매장음악
설렘,8782,30,설렘
설렘,8782,30,사랑
설렘,8782,30,봄
설렘,8782,30,기분전환
설렘,8782,30,감성
설렘,8782,30,카페
설렘,8782,30,휴식
설렘,8782,30,힐링
설렘,8782,30,인디
설렘,8782,30,출퇴근
설렘,8782,30,드라이브
설렘,8782,30,잔잔한
설렘,8782,30,매장
설렘,8782,30,발라드
설렘,8782,30,추억
설렘,8782,30,여행
설렘,8782,30,신나는
설렘,8782,30,이별
설렘,8782,30,연애
설렘,8782,30,산책
설렘,8782,30,겨울
설렘,8782,30,슬픔
설렘,8782,30,회상
설렘,8782,30,힙합
설렘,8782,30,달달
설렘,8782,30,알앤비
설렘,8782,30,매장음악
설렘,8782,30,썸
설렘,8782,30,지하철
설렘,8782,30,까페
신나는,15991,30,신나는
신나는,15991,30,기분전환
신나는,15991,30,드라이브
신나는,15991,30,여행
신나는,15991,30,여름
신나는,15991,30,감성
신나는,15991,30,댄스
신나는,15991,30,운동
신나는,15991,30,스트레스
신나는,15991,30,Pop
신나는,15991,30,힙합
신나는,15991,30,팝
신나는,15991,30,아이돌
신나는,15991,30,휴식
신나는,15991,30,팝송
신나는,15991,30,매장음악
신나는,15991,30,노동요
신나는,15991,30,kpop
신나는,15991,30,EDM
신나는,15991,30,케이팝
신나는,15991,30,카페
신나는,15991,30,트렌디
신나는,15991,30,잔잔한
신나는,15991,30,사랑
신나는,15991,30,시원한
신나는,15991,30,힐링
신나는,15991,30,클럽
신나는,15991,30,청량
신나는,15991,30,추억
신나는,15991,30,헬스
슬픈,5108,30,슬픈
슬픈,5108,30,이별
슬픈,5108,30,감성
슬픈,5108,30,발라드
슬픈,5108,30,잔잔한
슬픈,5108,30,새벽
슬픈,5108,30,사랑
슬픈,5108,30,눈물
슬픈,5108,30,우울
슬픈,5108,30,밤
슬픈,5108,30,위로
슬픈,5108,30,추억
슬픈,5108,30,비오는날
슬픈,5108,30,OST
슬픈,5108,30,인디
슬픈,5108,30,비
슬픈,5108,30,그리움
슬픈,5108,30,카페
슬픈,5108,30,짝사랑
슬픈,5108,30,가을
슬픈,5108,30,우울한
슬픈,5108,30,기분전환
슬픈,5108,30,겨울
슬픈,5108,30,애절한
슬픈,5108,30,팝송
슬픈,5108,30,아련한
슬픈,5108,30,신나는
슬픈,5108,30,슬픔
슬픈,5108,30,힐링
슬픈,5108,30,이별노래
우울,2342,30,우울
우울,2342,30,감성
우울,2342,30,새벽
우울,2342,30,위로
우울,2342,30,잔잔한
우울,2342,30,슬픔
우울,2342,30,밤
우울,2342,30,이별
우울,2342,30,발라드
우울,2342,30,인디
우울,2342,30,기분전환
우울,2342,30,휴식
우울,2342,30,비오는날
우울,2342,30,눈물
우울,2342,30,센치
우울,2342,30,힐링
우울,2342,30,사랑
우울,2342,30,혼자
우울,2342,30,비
우울,2342,30,힘들때
우울,2342,30,분위기
우울,2342,30,가을
우울,2342,30,몽환
우울,2342,30,겨울
우울,2342,30,새벽감성
우울,2342,30,팝
우울,2342,30,Pop
우울,2342,30,외로움
우울,2342,30,카페
우울,2342,30,스트레스
센치,1805,30,센치
센치,1805,30,감성
센치,1805,30,새벽
센치,1805,30,잔잔한
센치,1805,30,밤
센치,1805,30,분위기
센치,1805,30,발라드
센치,1805,30,우울
센치,1805,30,비오는날
센치,1805,30,휴식
센치,1805,30,가을
센치,1805,30,이별
센치,1805,30,인디
센치,1805,30,위로
센치,1805,30,기분전환
센치,1805,30,카페
센치,1805,30,혼자
센치,1805,30,힐링
센치,1805,30,드라이브
센치,1805,30,슬픔
센치,1805,30,팝
센치,1805,30,비
센치,1805,30,사랑
센치,1805,30,추억
센치,1805,30,알앤비
센치,1805,30,산책
센치,1805,30,새벽감성
센치,1805,30,Pop
센치,1805,30,겨울
센치,1805,30,퇴근길
기분좋은,1779,30,기분좋은
기분좋은,1779,30,기분전환
기분좋은,1779,30,신나는
기분좋은,1779,30,드라이브
기분좋은,1779,30,감성
기분좋은,1779,30,카페
기분좋은,1779,30,휴식
기분좋은,1779,30,산책
기분좋은,1779,30,힐링
기분좋은,1779,30,사랑
기분좋은,1779,30,설렘
기분좋은,1779,30,봄
기분좋은,1779,30,아침
기분좋은,1779,30,팝
기분좋은,1779,30,주말
기분좋은,1779,30,여행
기분좋은,1779,30,잔잔한
기분좋은,1779,30,여름
기분좋은,1779,30,Pop
기분좋은,1779,30,인디
기분좋은,1779,30,행복
기분좋은,1779,30,OST
기분좋은,1779,30,출근길
기분좋은,1779,30,상쾌한
기분좋은,1779,30,매장음악
기분좋은,1779,30,분위기
기분좋은,1779,30,데이트
기분좋은,1779,30,일상
기분좋은,1779,30,팝송
기분좋은,1779,30,스트레스
행복,1561,30,행복
행복,1561,30,기분전환
행복,1561,30,사랑
행복,1561,30,감성
행복,1561,30,설렘
행복,1561,30,드라이브
행복,1561,30,힐링
행복,1561,30,휴식
행복,1561,30,봄
행복,1561,30,신나는
행복,1561,30,카페
행복,1561,30,잔잔한
행복,1561,30,산책
행복,1561,30,여행
행복,1561,30,기분좋은
행복,1561,30,인디
행복,1561,30,주말
행복,1561,30,아침
행복,1561,30,위로
행복,1561,30,팝
행복,1561,30,일상
행복,1561,30,여름
행복,1561,30,겨울
행복,1561,30,Pop
행복,1561,30,추억
행복,1561,30,발라드
행복,1561,30,스트레스
행복,1561,30,여유
행복,1561,30,뉴에이지
행복,1561,30,고백
그리움,1263,30,그리움
그리움,1263,30,이별
그리움,1263,30,감성
그리움,1263,30,추억
그리움,1263,30,발라드
그리움,1263,30,사랑
그리움,1263,30,새벽
그리움,1263,30,슬픔
그리움,1263,30,잔잔한
그리움,1263,30,회상
그리움,1263,30,눈물
그리움,1263,30,밤
그리움,1263,30,가을
그리움,1263,30,인디
그리움,1263,30,카페
그리움,1263,30,위로
그리움,1263,30,헤어짐
그리움,1263,30,비오는날
그리움,1263,30,외로움
그리움,1263,30,겨울
그리움,1263,30,후회
그리움,1263,30,힐링
그리움,1263,30,휴식
그리움,1263,30,기분전환
그리움,1263,30,우울
그리움,1263,30,센치
그리움,1263,30,혼자
그리움,1263,30,아픔
그리움,1263,30,드라이브
그리움,1263,30,보고싶다
행복한,1561,30,행복한
행복한,1561,30,기분전환
행복한,1561,30,신나는
행복한,1561,30,크리스마스
행복한,1561,30,힐링
행복한,1561,30,휴식
행복한,1561,30,기분좋은
행복한,1561,30,감성
행복한,1561,30,드라이브
행복한,1561,30,사랑
행복한,1561,30,주말
행복한,1561,30,즐거운
행복한,1561,30,산책
행복한,1561,30,잔잔한
행복한,1561,30,겨울
행복한,1561,30,kpop
행복한,1561,30,아침
행복한,1561,30,따뜻한
행복한,1561,30,캐롤
행복한,1561,30,봄
행복한,1561,30,팝
행복한,1561,30,팝송
행복한,1561,30,연말
행복한,1561,30,Pop
행복한,1561,30,편안한
행복한,1561,30,밝은
행복한,1561,30,카페
행복한,1561,30,여행
행복한,1561,30,추억
행복한,1561,30,재즈
화나는,3,14,화나는
화나는,3,14,기분전환
화나는,3,14,드라이브
화나는,3,14,스트레스
화나는,3,14,신나는
화나는,3,14,센치
화나는,3,14,우울
화나는,3,14,국힙
화나는,3,14,감성적
화나는,3,14,외힙
화나는,3,14,멍한
화나는,3,14,빡센랩
화나는,3,14,기분안좋을때
화나는,3,14,newieans
슬픈,5108,30,슬픈
슬픈,5108,30,이별
슬픈,5108,30,감성
슬픈,5108,30,발라드
슬픈,5108,30,잔잔한
슬픈,5108,30,새벽
슬픈,5108,30,사랑
슬픈,5108,30,눈물
슬픈,5108,30,우울
슬픈,5108,30,밤
슬픈,5108,30,위로
슬픈,5108,30,추억
슬픈,5108,30,비오는날
슬픈,5108,30,OST
슬픈,5108,30,인디
슬픈,5108,30,비
슬픈,5108,30,그리움
슬픈,5108,30,카페
슬픈,5108,30,짝사랑
슬픈,5108,30,가을
슬픈,5108,30,우울한
슬픈,5108,30,기분전환
슬픈,5108,30,겨울
슬픈,5108,30,애절한
슬픈,5108,30,팝송
슬픈,5108,30,아련한
슬픈,5108,30,신나는
슬픈,5108,30,슬픔
슬픈,5108,30,힐링
슬픈,5108,30,이별노래
평온한,73,30,평온한
평온한,73,30,잔잔한
평온한,73,30,힐링
평온한,73,30,휴식
평온한,73,30,클래식
평온한,73,30,OST
평온한,73,30,뉴에이지
평온한,73,30,차분한
평온한,73,30,공부
평온한,73,30,연말
평온한,73,30,피아노
평온한,73,30,위로
평온한,73,30,지브리
평온한,73,30,가사없는
평온한,73,30,고요한
평온한,73,30,평화로운
평온한,73,30,기분전환
평온한,73,30,새벽
평온한,73,30,겨울
평온한,73,30,재즈
평온한,73,30,반신욕
평온한,73,30,여유
평온한,73,30,휴일
평온한,73,30,90년대
평온한,73,30,2000년대
평온한,73,30,감성
평온한,73,30,독서
평온한,73,30,크리스마스
평온한,73,30,공부할때
평온한,73,30,캐롤
불안,56,30,불안
불안,56,30,우울
불안,56,30,위로
불안,56,30,새벽
불안,56,30,청춘
불안,56,30,슬픔
불안,56,30,휴식
불안,56,30,힐링
불안,56,30,잔잔한
불안,56,30,감성
불안,56,30,외로움
불안,56,30,기분전환
불안,56,30,인디
불안,56,30,걱정
불안,56,30,밤
불안,56,30,이별
불안,56,30,행복
불안,56,30,무기력
불안,56,30,사랑
불안,56,30,스트레스
불안,56,30,불면증
불안,56,30,연주곡
불안,56,30,국내
불안,56,30,따뜻한
불안,56,30,숙면
불안,56,30,우울할때
불안,56,30,감정
불안,56,30,집중
불안,56,30,잡생각
불안,56,30,고독
상처,73,30,상처
상처,73,30,이별
상처,73,30,슬픔
상처,73,30,위로
상처,73,30,눈물
상처,73,30,사랑
상처,73,30,발라드
상처,73,30,아픔
상처,73,30,우울
상처,73,30,감성
상처,73,30,외로움
상처,73,30,그리움
상처,73,30,힐링
상처,73,30,추억
상처,73,30,새벽
상처,73,30,헤어짐
상처,73,30,기분전환
상처,73,30,잔잔한
상처,73,30,밤
상처,73,30,인디
상처,73,30,치유
상처,73,30,공감
상처,73,30,마음
상처,73,30,가을
상처,73,30,혼자
상처,73,30,여행
상처,73,30,스트레스
상처,73,30,비
상처,73,30,힘들때
상처,73,30,센치
차분,1362,30,차분
차분,1362,30,감성
차분,1362,30,힐링
차분,1362,30,잔잔한
차분,1362,30,잔잔
차분,1362,30,피아노
차분,1362,30,휴식
차분,1362,30,카페
차분,1362,30,발라드
차분,1362,30,클래식
차분,1362,30,새벽
차분,1362,30,인디
차분,1362,30,뉴에이지
차분,1362,30,밤
차분,1362,30,공부
차분,1362,30,집중
차분,1362,30,분위기
차분,1362,30,위로
차분,1362,30,가을
차분,1362,30,기분전환
차분,1362,30,겨울
차분,1362,30,팝
차분,1362,30,조용
차분,1362,30,우울
차분,1362,30,비오는날
차분,1362,30,Pop
차분,1362,30,편안
차분,1362,30,재즈
차분,1362,30,팝송
차분,1362,30,장마
